 {
    "_id": "57ffce01e24d7a1c33de99a3",
    "index": 5,
    "guid": "81284aac-98b9-422c-9888-9ea14cb859ba",
    "isActive": false,
    "balance": "$1,242.62",
    "picture": "female.png",
    "age": 36,
    "eyeColor": "blue",
    "name": {
      "first": "Elnora",
      "last": "Bates"
    },
    "company": "EARBANG",
    "email": "elnora.bates@earbang.com",
    "phone": "+1 (885) 469-3749",
    "address": "317 Norfolk Street, Strykersville, Hawaii, 2820",
    "about": "Mollit adipisicing elit in laborum excepteur amet. Labore tempor commodo ut est incididunt reprehenderit anim. Mollit aute labore magna excepteur cillum culpa proident irure minim in qui quis proident aliquip.",
    "registered": "Saturday, November 15, 2014 3:04 AM",
    "latitude": "-35.925083",
    "longitude": "25.648996",
    "tags": [
      "eu",
      "ipsum",
      "ea",
      "excepteur",
      "cupidatat"
    ],
    "range": [
      0,
      1,
      2,
      3,
      4,
      5,
      6,
      7,
      8,
      9
    ],
    "friends": [
      {
        "id": 0,
        "name": "Deirdre Cortez"
      },
      {
        "id": 1,
        "name": "Kirkland Schroeder"
      },
      {
        "id": 2,
        "name": "Juana Chavez"
      }
    ],
    "greeting": "Hello, Elnora! You have 6 unread messages.",
    "favoriteFruit": "strawberry"
  }