{
    "_id": "57ffce01f5a890d50d2ffb93",
    "index": 2,
    "guid": "4d76eec8-bf01-4aad-9f57-540b2495f907",
    "isActive": true,
    "balance": "$2,593.03",
    "picture": "female.png",
    "age": 24,
    "eyeColor": "blue",
    "name": {
      "first": "Mitzi",
      "last": "Graves"
    },
    "company": "AMTAS",
    "email": "mitzi.graves@amtas.biz",
    "phone": "+1 (926) 572-3941",
    "address": "830 Scott Avenue, Marshall, Alabama, 4742",
    "about": "Mollit sunt incididunt consectetur cillum consectetur et id eiusmod. Ut eiusmod laborum enim duis consequat labore consectetur nulla ut culpa eu magna amet in. Ea exercitation proident qui exercitation sint incididunt. Amet elit excepteur magna quis.",
    "registered": "Friday, November 14, 2014 5:23 PM",
    "latitude": "-42.353661",
    "longitude": "124.02135",
    "tags": [
      "labore",
      "ut",
      "deserunt",
      "pariatur",
      "Lorem"
    ],
    "range": [
      0,
      1,
      2,
      3,
      4,
      5,
      6,
      7,
      8,
      9
    ],
    "friends": [
      {
        "id": 0,
        "name": "Greene Cohen"
      },
      {
        "id": 1,
        "name": "Odom Mooney"
      },
      {
        "id": 2,
        "name": "Oneal Bennett"
      }
    ],
    "greeting": "Hello, Mitzi! You have 6 unread messages.",
    "favoriteFruit": "banana"
  }