{
    "users": [
        { 
            "_id" : "57ffce008069be6bd948dd31",
             "name": {
                "first": "Day",
                "last": "Gross"
            }
        },
        { 
            "_id" : "57ffce00d421f604048197e9",
            "name": {
                "first": "Simon",
                "last": "Vincent"
            }
        },
        { 
            "_id" : "57ffce01f5a890d50d2ffb93",
            "name": {
                "first": "Mitzi",
                "last": "Graves"
            }
        },
        { 
            "_id" : "57ffce019a42ad4438355f5a",
            "name": {
                "first": "Reynolds",
                "last": "Green"
            }
        },
        { 
            "_id" : "57ffce01cd2844a7e82b1855",
            "name": {
                "first": "Todd",
                "last": "Mack"
            }
        },
        { 
            "_id" : "57ffce01e24d7a1c33de99a3",
            "name": {
                "first": "Elnora",
                "last": "Bates"
            }
        }             
    ]
}
